insert into AUTOR (id, nome) values ('1', 'Carlos Jose');
insert into AUTOR (id, nome) values ('2', 'Carlos Augusto');
insert into AUTOR (id, nome) values ('3', 'Ana carolina');
insert into AUTOR (id, nome) values ('4', 'Carlos Henrique');
insert into POSTAGEM (id, postagem, autor_id, data) values ('1', 'Conteudo da postagem 1',1,CURRENT_TIMESTAMP());
insert into POSTAGEM (id, postagem, autor_id, data) values ('2', 'Conteudo da postagem 2',4,CURRENT_TIMESTAMP());
insert into POSTAGEM (id, postagem,  autor_id, data) values ('3', 'Conteudo da postagem 3',2,CURRENT_TIMESTAMP());
insert into POSTAGEM (id, postagem,  autor_id, data) values ('4', 'Conteudo da postagem 4',3,CURRENT_TIMESTAMP());
insert into POSTAGEM (id, postagem,  autor_id, data) values ('5', 'Conteudo da postagem 5',2,CURRENT_TIMESTAMP());
insert into COMENTARIO (id, nome_pessoa, comentario,  data, postagem_id) values ('1', 'Cristiano Rodrigues', 'Parabéns!!', CURRENT_TIMESTAMP(),2);
insert into COMENTARIO (id, nome_pessoa, comentario,  data, postagem_id) values ('2', 'Ana Paula','Gostei do post', CURRENT_TIMESTAMP(),1);
insert into COMENTARIO (id, nome_pessoa, comentario,  data, postagem_id) values ('3', 'Bruno Augusto', 'Muto legal', CURRENT_TIMESTAMP(),4);
insert into COMENTARIO (id, nome_pessoa, comentario,  data, postagem_id) values ('4', 'Maria de Fatima ', 'Não achei interessante', CURRENT_TIMESTAMP(),4);
insert into COMENTARIO (id, nome_pessoa, comentario,  data, postagem_id) values ('5', 'Maria de Fatima ', 'Gostei do conteudo', CURRENT_TIMESTAMP(),4);
call next value for SE_AUTOR;
call next value for SE_AUTOR;
call next value for SE_AUTOR;
call next value for SE_AUTOR;
call next value for SE_POSTAGEM;
call next value for SE_POSTAGEM;
call next value for SE_POSTAGEM;
call next value for SE_POSTAGEM;
call next value for SE_COMENTARIO;
call next value for SE_COMENTARIO;
call next value for SE_COMENTARIO;
call next value for SE_COMENTARIO;
call next value for SE_COMENTARIO;